{"Train loss": 1.58773732483387, "Valid loss": 0.37416466772556306, "_timestamp": 1700022572.6081731, "_runtime": 97.72553324699402, "_step": 0, "_wandb": {"runtime": 397}}