{"Train loss": 1.4137645542621613, "Valid loss": 0.3725505691766739, "_timestamp": 1700020511.2104332, "_runtime": 368.9773483276367, "_step": 2, "_wandb": {"runtime": 424}}