{"Train loss": 6.5918520331382755, "Valid loss": 1.648173415660858, "_timestamp": 1700246044.6116312, "_runtime": 1080.2606511116028, "_step": 4, "_wandb": {"runtime": 1157}}