{"Train loss": 1.5999476152658463, "Valid loss": 0.3687984728813171, "_timestamp": 1700018847.4541302, "_runtime": 845.4069972038269, "_step": 0, "_wandb": {"runtime": 1192}}