{"Train loss": 1.0384189397096635, "Valid loss": 0.3032156202197075, "_timestamp": 1700030352.5252895, "_runtime": 6767.700214624405, "_step": 49, "_wandb": {"runtime": 10013}}