{"Train loss": 1.6509713768959045, "Valid loss": 0.38497569620609284, "_timestamp": 1700022992.8817172, "_runtime": 98.63382816314697, "_step": 0, "_wandb": {"runtime": 156}}