{"Train loss": 1.64022780418396, "Valid loss": 0.38215696036815644, "_timestamp": 1700021857.5044842, "_runtime": 96.38824915885925, "_step": 0, "_wandb": {"runtime": 150}}