{"Train loss": 1.6185265284776689, "Valid loss": 0.37205990016460416, "_timestamp": 1700020915.9344275, "_runtime": 96.91456747055054, "_step": 0, "_wandb": {"runtime": 210}}