{"Train loss": 0.9530994561314583, "Valid loss": 0.23817073851823806, "_timestamp": 1700236826.7117214, "_runtime": 1368.8513374328613, "_step": 4, "_wandb": {"runtime": 1384}}