{"Train loss": 6.592062211036682, "Valid loss": 2.4800486087799074, "_timestamp": 1700240335.87944, "_runtime": 2280.5157310962677, "_step": 9, "_wandb": {"runtime": 2539}}