{"Train loss": 6.609785299301148, "Valid loss": 1.6480539798736573, "_timestamp": 1700246348.4542177, "_runtime": 163.87010169029236, "_step": 0, "_wandb": {"runtime": 239}}