{"Train loss": 1.6060025900602342, "Valid loss": 0.3756680488586426, "_timestamp": 1700021199.8897657, "_runtime": 98.64414668083191, "_step": 0, "_wandb": {"runtime": 186}}